{
    "criteria": {
      "death": {
        "trigger": "minecraft:entity_hurt_player",
        "conditions": {
          "player": [
            {
              "condition": "minecraft:value_check",
              "value": {
                "type": "minecraft:score",
                "target": "this",
                "score": "Player.death_log",
                "scale": 1
              },
              "range": {
                "min": 1
              }
            },
            {
              "condition": "minecraft:value_check",
              "value": {
                "type": "minecraft:score",
                "target": "this",
                "score": "Player.HurtTime",
                "scale": 1
              },
              "range": {
                "min": 1
              }
            }
          ]
        }
      }
    },
    "rewards": {
      "function": "swapper:death_log/reason/entity"
    }
  }
  