{
  "pools": [
    {
      "rolls": 1,
      "entries": [
        {
          "type": "item",
          "weight": 1,
          "name": "minecraft:written_book",
          "functions": [
            {
              "function": "set_count",
              "count": 1
            },
            {
              "function": "set_nbt",
              "tag": "{title:\"\",author:\"Having_harumaki\",pages:['[{\"text\":\"\"},{\"text\":\"【BATTLE ROYAL】\",\"color\":\"dark_red\"},{\"text\":\"\\\\n\\\\n\"},{\"text\":\"「ゲームモードの設定」\\\\n\\\\n\",\"color\":\"red\",\"hoverEvent\":{\"action\":\"show_text\",\"contents\":[{\"text\":\"「各ゲームモードの説明」\",\"color\":\"red\"},{\"text\":\"\\\\n\\\\n[ ノーマルモード ]\\\\n\",\"color\":\"green\"},{\"text\":\"テレポートが開始されます。特に要素はありません。\\\\n\\\\n\",\"color\":\"white\"},{\"text\":\"[ バトルロイヤル ]\\\\n\",\"color\":\"dark_red\"},{\"text\":\"入れ替わりを有効活用し最後の一人になるまで戦います。\"}]}},{\"text\":\"[ ノーマルモード ]\\\\n\\\\n\",\"color\":\"green\",\"bold\":true,\"hoverEvent\":{\"action\":\"show_text\",\"contents\":[{\"text\":\"\",\"color\":\"red\"}]},\"clickEvent\":{\"action\":\"run_command\",\"value\":\"/function swapper:setting/gamemode/normal\"}},{\"text\":\"[ バトルロイヤル ]\",\"color\":\"dark_red\",\"bold\":true,\"hoverEvent\":{\"action\":\"show_text\",\"contents\":[{\"text\":\"\",\"color\":\"red\"}]},\"clickEvent\":{\"action\":\"run_command\",\"value\":\"/function swapper:setting/gamemode/battleroyal\"}}]','[{\"text\":\"\"},{\"text\":\"【BATTLE ROYAL】\",\"color\":\"dark_red\"},{\"text\":\"\\\\n\\\\n\"},{\"text\":\"[ PvPの設定 ]\\\\n\\\\n\",\"color\":\"red\",\"hoverEvent\":{\"action\":\"show_text\",\"contents\":[{\"text\":\"「PvPの設定 説明」\",\"color\":\"red\"},{\"text\":\"\\\\nこの設定をONにした場合プレイヤー同士の物理ダメージが有効になります\",\"color\":\"white\"}]}},{\"text\":\"[ ON ]\",\"color\":\"red\",\"bold\":true,\"hoverEvent\":{\"action\":\"show_text\",\"contents\":[{\"text\":\"\",\"color\":\"white\"}]},\"clickEvent\":{\"action\":\"run_command\",\"value\":\"/function swapper:setting/battleroyal/pvp/on\"}},{\"text\":\"   \",\"hoverEvent\":{\"action\":\"show_text\",\"contents\":[{\"text\":\"\",\"color\":\"white\"}]}},{\"text\":\"[ OFF ]\",\"color\":\"blue\",\"bold\":true,\"hoverEvent\":{\"action\":\"show_text\",\"contents\":[{\"text\":\"\",\"color\":\"white\"}]},\"clickEvent\":{\"action\":\"run_command\",\"value\":\"/function swapper:setting/battleroyal/pvp/off\"}},{\"text\":\"   \",\"hoverEvent\":{\"action\":\"show_text\",\"contents\":[{\"text\":\"\",\"color\":\"aqua\"}]}},{\"text\":\"   \",\"hoverEvent\":{\"action\":\"show_text\",\"contents\":[{\"text\":\"\",\"color\":\"white\"}]}}]','[{\"text\":\"\"},{\"text\":\"【BATTLE ROYAL】\",\"color\":\"dark_red\"},{\"text\":\"\\\\n\\\\n\"},{\"text\":\"[ 5秒前カウント ]\\\\n\\\\n\",\"color\":\"green\",\"hoverEvent\":{\"action\":\"show_text\",\"contents\":[{\"text\":\"「5秒前カウント 説明」\",\"color\":\"green\"},{\"text\":\"\\\\n設定をONにすると入れ替わりの5秒前から\\\\nカウントダウンが開始されます\",\"color\":\"white\"}]}},{\"text\":\"[ ON ]\",\"color\":\"red\",\"bold\":true,\"hoverEvent\":{\"action\":\"show_text\",\"contents\":[{\"text\":\"\",\"color\":\"white\"}]},\"clickEvent\":{\"action\":\"run_command\",\"value\":\"/function swapper:setting/count/on\"}},{\"text\":\"   \",\"hoverEvent\":{\"action\":\"show_text\",\"contents\":[{\"text\":\"\",\"color\":\"white\"}]}},{\"text\":\"[ OFF ]\",\"color\":\"blue\",\"bold\":true,\"hoverEvent\":{\"action\":\"show_text\",\"contents\":[{\"text\":\"\",\"color\":\"white\"}]},\"clickEvent\":{\"action\":\"run_command\",\"value\":\"/function swapper:setting/count/off\"}},{\"text\":\"\\\\n\\\\n[ 次までの時間の表示 ]\",\"color\":\"light_purple\",\"hoverEvent\":{\"action\":\"show_text\",\"contents\":[{\"text\":\"「次までの時間の表示 説明」\",\"color\":\"light_purple\"},{\"text\":\"\\\\n設定をONにすると常にアクションバーに\\\\n入れ替わりまでの時間が表示されます\"}]}},{\"text\":\"\\\\n\\\\n[ ON ]\",\"color\":\"red\",\"bold\":true,\"hoverEvent\":{\"action\":\"show_text\",\"contents\":[{\"text\":\"\",\"color\":\"light_purple\"}]},\"clickEvent\":{\"action\":\"run_command\",\"value\":\"/function swapper:setting/next_time/on\"}},{\"text\":\"   \",\"hoverEvent\":{\"action\":\"show_text\",\"contents\":[{\"text\":\"\",\"color\":\"light_purple\"}]}},{\"text\":\"[ OFF ]\",\"color\":\"blue\",\"bold\":true,\"hoverEvent\":{\"action\":\"show_text\",\"contents\":[{\"text\":\"\",\"color\":\"light_purple\"}]},\"clickEvent\":{\"action\":\"run_command\",\"value\":\"/function swapper:setting/next_time/off\"}},{\"text\":\"\\\\n\\\\n[ワールドボーダー]\",\"color\":\"aqua\",\"hoverEvent\":{\"action\":\"show_text\",\"contents\":[{\"text\":\"\",\"color\":\"light_purple\"}]}},{\"text\":\"\\\\n  [ 中心設定 ]\",\"color\":\"gold\",\"bold\":true,\"hoverEvent\":{\"action\":\"show_text\",\"contents\":[{\"text\":\"現在いる地点を中心に設定します\\\\n中心設定後\\\\n/worldborder set <数値>\\\\nで範囲を設定してください\"}]},\"clickEvent\":{\"action\":\"run_command\",\"value\":\"/function swapper:setting/battleroyal/border/s\"}}]','[{\"text\":\"\"},{\"text\":\"【BATTLE ROYAL】\",\"color\":\"dark_red\"},{\"text\":\"\\\\n\\\\n\\\\n\\\\n\\\\n\\\\n\\\\n == BATTLE START ==\",\"color\":\"dark_red\",\"hoverEvent\":{\"action\":\"show_text\",\"contents\":[{\"text\":\"アドベンチャーモード・サバイバルモードのプレイヤーが参加対象となります\",\"color\":\"red\"}]},\"clickEvent\":{\"action\":\"run_command\",\"value\":\"/function swapper:setting/battleroyal/start\"}}]']}"
            },
            {
              "function": "set_name",
              "name": [
                {
                  "text": "【バトロワ】",
                  "color": "dark_red"
                },
                {
                  "text": "入",
                  "color": "aqua"
                },
                {
                  "text": "れ",
                  "color": "white"
                },
                {
                  "text": "替",
                  "color": "green"
                },
                {
                  "text": "わり",
                  "color": "white"
                },
                {
                  "text": "データパック",
                  "color": "red"
                }
              ]
            }
          ]
        }
      ]
    }
  ]
}