{
  "pools": [
    {
      "rolls": 1,
      "entries": [
        {
          "type": "item",
          "weight": 1,
          "name": "minecraft:written_book",
          "functions": [
            {
              "function": "set_count",
              "count": 1
            },
            {
              "function": "set_nbt",
              "tag": "{title:\"\",author:\"Having_harumaki\",pages:['[{\"text\":\"\"},{\"text\":\"【入れ替わり】\",\"color\":\"dark_red\"},{\"text\":\"\\\\n\\\\n\"},{\"text\":\"「ゲームモードの設定」\\\\n\\\\n\",\"color\":\"red\",\"hoverEvent\":{\"action\":\"show_text\",\"contents\":[{\"text\":\"「各ゲームモードの説明」\",\"color\":\"red\"},{\"text\":\"\\\\n\\\\n[ ノーマルモード ]\\\\n\",\"color\":\"green\"},{\"text\":\"テレポートが開始されます。特に要素はありません。\\\\n\\\\n\",\"color\":\"white\"},{\"text\":\"[ バトルロイヤル ]\\\\n\",\"color\":\"dark_red\"},{\"text\":\"入れ替わりを有効活用し最後の一人になるまで戦います。\"}]}},{\"text\":\"[ ノーマルモード ]\\\\n\\\\n\",\"color\":\"green\",\"bold\":true,\"hoverEvent\":{\"action\":\"show_text\",\"contents\":[{\"text\":\"\",\"color\":\"red\"}]},\"clickEvent\":{\"action\":\"run_command\",\"value\":\"/function swapper:setting/gamemode/normal\"}},{\"text\":\"[ バトルロイヤル ]\",\"color\":\"dark_red\",\"bold\":true,\"hoverEvent\":{\"action\":\"show_text\",\"contents\":[{\"text\":\"\",\"color\":\"red\"}]},\"clickEvent\":{\"action\":\"run_command\",\"value\":\"/function swapper:setting/gamemode/battleroyal\"}}]','[{\"text\":\"【入れ替わり】\",\"color\":\"dark_red\"},{\"text\":\"\\\\n\\\\n「5秒前カウント」\",\"color\":\"green\",\"hoverEvent\":{\"action\":\"show_text\",\"contents\":[{\"text\":\"「5秒前カウント 説明」\",\"color\":\"green\"},{\"text\":\"\\\\n設定をONにすると入れ替わりの5秒前から\\\\nカウントダウンが開始されます\",\"color\":\"white\"}]}},{\"text\":\"\\\\n\\\\n[ ON ]\",\"color\":\"red\",\"bold\":true,\"hoverEvent\":{\"action\":\"show_text\",\"contents\":[{\"text\":\"\",\"color\":\"green\"}]},\"clickEvent\":{\"action\":\"run_command\",\"value\":\"/function swapper:setting/count/on\"}},{\"text\":\"   \",\"hoverEvent\":{\"action\":\"show_text\",\"contents\":[{\"text\":\"\",\"color\":\"green\"}]}},{\"text\":\"[ OFF ]\",\"color\":\"blue\",\"bold\":true,\"hoverEvent\":{\"action\":\"show_text\",\"contents\":[{\"text\":\"\",\"color\":\"green\"}]},\"clickEvent\":{\"action\":\"run_command\",\"value\":\"/function swapper:setting/count/off\"}},{\"text\":\"\\\\n\\\\n「次までの時間の表示」\",\"color\":\"light_purple\",\"bold\":false,\"hoverEvent\":{\"action\":\"show_text\",\"contents\":[{\"text\":\"「次までの時間の表示 説明」\",\"color\":\"light_purple\"},{\"text\":\"\\\\n設定をONにすると常にアクションバーに\\\\n入れ替わりまでの時間が表示されます\\\\n\\\\n\",\"color\":\"white\"},{\"text\":\"※この設定がONになっている場合5秒前カウントを\\\\nONにしてもカウントは出てきません\",\"color\":\"red\"}]}},{\"text\":\"\\\\n\\\\n[ ON ]\",\"color\":\"red\",\"bold\":true,\"hoverEvent\":{\"action\":\"show_text\",\"contents\":[{\"text\":\"\",\"color\":\"light_purple\"}]},\"clickEvent\":{\"action\":\"run_command\",\"value\":\"/function swapper:setting/next_time/on\"}},{\"text\":\"   \",\"hoverEvent\":{\"action\":\"show_text\",\"contents\":[{\"text\":\"\",\"color\":\"light_purple\"}]}},{\"text\":\"[ OFF ]\",\"color\":\"blue\",\"bold\":true,\"hoverEvent\":{\"action\":\"show_text\",\"contents\":[{\"text\":\"\",\"color\":\"light_purple\"}]},\"clickEvent\":{\"action\":\"run_command\",\"value\":\"/function swapper:setting/next_time/off\"}},{\"text\":\"\\\\n\\\\n「ハードコア」\",\"color\":\"dark_red\",\"bold\":false,\"hoverEvent\":{\"action\":\"show_text\",\"contents\":[{\"text\":\"「ハードコア 説明」\\\\n\",\"color\":\"dark_red\"},{\"text\":\"この設定がONになっている場合死亡すると\\\\nスペクテイターモードになります\",\"color\":\"white\"},{\"text\":\"\\\\n\\\\n\\\\n\\\\n\"},{\"text\":\"※バトルロイヤルモードに設定している場合\\\\nこの設定をONにする必要はありません\",\"color\":\"red\"}]}},{\"text\":\"\\\\n\\\\n[ ON ]\",\"color\":\"red\",\"bold\":true,\"hoverEvent\":{\"action\":\"show_text\",\"contents\":[{\"text\":\"\",\"color\":\"dark_red\"}]},\"clickEvent\":{\"action\":\"run_command\",\"value\":\"/function swapper:setting/hardcore/on\"}},{\"text\":\"   \",\"hoverEvent\":{\"action\":\"show_text\",\"contents\":[{\"text\":\"\",\"color\":\"dark_red\"}]}},{\"text\":\"[ OFF ]\",\"color\":\"blue\",\"bold\":true,\"hoverEvent\":{\"action\":\"show_text\",\"contents\":[{\"text\":\"\",\"color\":\"dark_red\"}]},\"clickEvent\":{\"action\":\"run_command\",\"value\":\"/function swapper:setting/hardcore/off\"}}]','[{\"text\":\"\"},{\"text\":\"【入れ替わり】\",\"color\":\"dark_red\"},{\"text\":\"\\\\n\\\\n「入れ替わりの間隔」\",\"color\":\"aqua\",\"hoverEvent\":{\"action\":\"show_text\",\"contents\":[{\"text\":\"「入れ替わりの間隔 説明」\",\"color\":\"aqua\"},{\"text\":\"\\\\n入れ替わりの間隔を設定することができます\\\\n\\\\n\",\"color\":\"white\"},{\"text\":\"※バトルロイヤルモードに設定している場合\\\\n入れ替わりの間隔は自動的に設定されます\",\"color\":\"red\"}]}},{\"text\":\"\\\\n\\\\n[30秒~60秒]\",\"color\":\"gold\",\"bold\":true,\"hoverEvent\":{\"action\":\"show_text\",\"contents\":[{\"text\":\"\",\"color\":\"aqua\"}]},\"clickEvent\":{\"action\":\"run_command\",\"value\":\"/function swapper:setting/time/30_60\"}},{\"text\":\"\\\\n\\\\n[60秒~120秒]\",\"color\":\"gold\",\"bold\":true,\"hoverEvent\":{\"action\":\"show_text\",\"contents\":[{\"text\":\"\",\"color\":\"aqua\"}]},\"clickEvent\":{\"action\":\"run_command\",\"value\":\"/function swapper:setting/time/60_120\"}},{\"text\":\"\\\\n\\\\n[90秒~120秒]\",\"color\":\"gold\",\"bold\":true,\"hoverEvent\":{\"action\":\"show_text\",\"contents\":[{\"text\":\"\",\"color\":\"aqua\"}]},\"clickEvent\":{\"action\":\"run_command\",\"value\":\"/function swapper:setting/time/90_120\"}},{\"text\":\"\\\\n\\\\n[ 自由設定 ]\",\"color\":\"light_purple\",\"bold\":true,\"hoverEvent\":{\"action\":\"show_text\",\"contents\":[{\"text\":\"\",\"color\":\"aqua\"}]},\"clickEvent\":{\"action\":\"run_command\",\"value\":\"/function swapper:setting/time/tellraw\"}}]','[{\"text\":\"\"},{\"text\":\"【入れ替わり】\",\"color\":\"dark_red\"},{\"text\":\"\\\\n\\\\n「管理用」\",\"color\":\"green\",\"clickEvent\":{\"action\":\"run_command\",\"value\":\"/function swapper:setting/start\"}},{\"text\":\"\\\\n\\\\n[入れ替わりを停止する]\",\"color\":\"red\",\"clickEvent\":{\"action\":\"run_command\",\"value\":\"/function swapper:setting/end\"}},{\"text\":\"\\\\n\\\\n[入れ替わりを再開する]\",\"color\":\"aqua\",\"clickEvent\":{\"action\":\"run_command\",\"value\":\"/function swapper:count/start\"}}]','[{\"text\":\"\"},{\"text\":\"【入れ替わり】\",\"color\":\"dark_red\"},{\"text\":\"\\\\n\\\\n\\\\n\\\\n\\\\n\\\\n == NORMAL START ==\",\"color\":\"green\",\"clickEvent\":{\"action\":\"run_command\",\"value\":\"/function swapper:setting/start\"}}]']}"
            },
            {
              "function": "set_name",
              "name": [
                {
                  "text": "【ノーマル】",
                  "color": "green"
                },
                {
                  "text": "入",
                  "color": "aqua"
                },
                {
                  "text": "れ",
                  "color": "white"
                },
                {
                  "text": "替",
                  "color": "green"
                },
                {
                  "text": "わり",
                  "color": "white"
                },
                {
                  "text": "データパック",
                  "color": "red"
                }
              ]
            }
          ]
        }
      ]
    }
  ]
}