{
    "pools": [
      {
        "rolls": 1,
        "entries": [
          {
            "type": "minecraft:item",
            "name": "minecraft:suspicious_stew",
            "functions": [
              {
                "function": "minecraft:set_stew_effect",
                "effects": [
                  {
                    "type": "minecraft:absorption",
                    "duration": {
                      "type": "minecraft:uniform",
                      "min": {
                        "type": "minecraft:score",
                        "target": {
                          "type": "minecraft:fixed",
                          "name": "TP間隔_min"
                        },
                        "score": "Swap.setting",
                        "scale": 1
                      },
                      "max": {
                        "type": "minecraft:score",
                        "target": {
                          "type": "minecraft:fixed",
                          "name": "TP間隔_max"
                        },
                        "score": "Swap.setting",
                        "scale": 1
                      }
                    }
                  }
                ]
              },
              {
                "function": "minecraft:set_nbt",
                "tag": "{time:1b}"
              }
            ]
          }
        ]
      }
    ]
  }
  