{
    "criteria": {
      "death": {
        "trigger": "minecraft:tick",
        "conditions": {
          "player": [
            {
              "condition": "minecraft:value_check",
              "value": {
                "type": "minecraft:score",
                "target": "this",
                "score": "Player.death"
              },
              "range": {
                "min": 1
              }
            },
            {
              "condition": "minecraft:value_check",
              "value": {
                "type": "minecraft:score",
                "target": {
                  "type": "minecraft:fixed",
                  "name": "ハードコア"
                },
                "score": "Swap.setting"
              },
              "range": 1
            }
          ]
        }
      }
    },
    "rewards": {
      "function": "swapper:hardcore/death"
    }
  }
  